box,item,author,title,isbn,publisher
1,Blazer,,,,
1,Paper padding,,,,
1,Book,Jim Heimann & Steven Heller,Advertising from the Mad Men Era,,Taschen
1,Book,Gao Xingjian,Le Livre d’un homme seul,9782876786714,
1,Book,Anton Tchekov,Trois annees,9782916266541,
1,Book,Racine,Phedre,203871682X,
1,Book,Moliere,L’avare,2038716609,
1,Book,Hermann Hesse,Siddhartha,9782253008484,
1,Book,Francoise Sagan,Un certain sourire,3011086807,
1,Book,Fyodor Dostoievski,Les nuits blanches,3023262801,
1,Book,Christiane Rochefort,Les petits enfants du siecle,2253002941,
1,Book,Francoise Sagan,Les violons parfois,3011161705,
1,Book,Marie Cardinal,Autrement dit,9782253018728,
1,Book,Anais Nin,Journal 1947-1955,2253020206,
1,Book,Jean-Paul Sartre,La nausee,,"Gallimard, 1938"
1,Book,Francoise Sagan,Un peu de soleil dans l’eau froide,,"Flammarion, 1969"
1,Book,J.H. Rosny aine,La guerre du feu,9782253025689,
1,Book,Paul Leautaud,Le petit ami,3011242901,
1,Book,Didier van Cauwelaert,Un aller simple,9782253138532,
1,Book,Primo Levi,Iron Potassium Nickel,0141022337,
1,Book,Joseph Roth,La crypte des capucins,2020264188,
1,Book,Confucius,The First Ten Books,0141023805,
1,Book,Alexander Solzhenitsyn,For the Good of the Cause,,"Sphere Books Ltd, 1971"
1,Book,Leonardo da Vinci,The Da Vinci Notebooks,1861979878,
1,Book,Michel de Montaigne,Essais Livre I,9782080702104,
1,Book,Michel de Montaigne,Essais Livre II,9782080702111,
1,Book,Michel de Montaigne,Essais Livre III,9782080702128,
1,Book,Yukio Mishima,Les amours interdites,2070388530,
1,Book,Wei Hui,Shanghai Baby,1841196843,
1,Book,Ernest Hemingway,Men Without Women,0099909308,
1,Book,Bede,A History of the English Church and People,,"Penguin Classics, 1968"
1,Book,Truman Capote,My Side of the Matter,0141022175,
1,Book,Sigmund Freud,Forgetting Things,0141022272,
1,Book,Noam Chomsky,Doctrines and Visions,0141023058,
1,Book,Will Self,Design Faults in the Volvo 760 Turbo,0141022744,
1,Book,Hunter S. Thompson,Happy Birthday Jack Nicholson,0141022434,
1,Book,Arthur Schopenhauer,On the Suffering of the World,0141018941,
1,Book,Ernest Hemingway,A Moveable Feast,0099909405,
1,Book,Soren Kierkegaard,Journals 1834-1854,,"Fontana Books, 1958"
1,Book,Hannah Arendt,Le systeme totalitaire,2020246589,
1,Book,Albert Camus,The Outsider,,"Penguin Modern Classics, 1971"
1,Book,Robert J.C. Young,Postcolonialism: A Very Short Introduction,9780192801821,
1,Book,Charles Townshend,Terrorism: A Very Short Introduction,9780192801685,
1,Book,周群,道教文化,9787305065576,
1,Book,李吉东,墨子,9787560755847,
1,Book,刘厚琴,庄子,9787560755199,
1,Book,Various,101 Pearls of Chinese Wisdom,9781907838231,
1,Book,老子,道德经,9781626091474,
1,Book,Jeanne Hersch,L’etonnement philosophique,2070327841,
1,Book,Choderlos de Laclos,Les liaisons dangereuses,2070368947,
1,Book,Calixthe Beyala,Maman a un amant,2290313777,
1,Book,Amelie Nothomb,Acide sulfurique,9782253121183,
1,Book,Marie Cardinal,Les Mots pour le dire,9782253015598,
1,Book,Jack Kerouac,"Vraie blonde, et autres",2070302628,
1,Book,Bret Easton Ellis,Les lois de l’attraction,2264036958,
1,Book,Jean-Baptiste Del Amo,Une education libertine,9782070415618,
1,Book,Jack Kerouac,Le vagabond americain en voie de disparition,2070423166,
1,Book,Soren Kierkegaard,Le Journal du seducteur,9782070325160,
1,Book,Nicolas Rey,Memoire courte,2290323209,
1,Book,Milan Kundera,Risibles amours,2070377024,
1,Book,Benjamin Constant,Adolphe,9782080705037,
1,Book,Hannah Arendt,Condition de l’homme moderne,2266126490,
1,Book,Baruch Spinoza,Traite theologico-politique,9782080700506,
1,Book,Andre Malraux,La condition humaine,2070360016,
1,Book,Michel Houellebecq et Bernard Henri-Levy,Ennemis publics,9782290014158,
1,Book,Immanuel Kant,Critique de la raison pratique,9782080710901,
1,Book,Immanuel Kant,Critique de la raison pure,9782080713049,
1,Book,Albert Camus,Le premier homme,9782070401017,
1,Book,Francoise Sagan,Incidental Music,0352317272,
1,Book,Simone Weil,L’enracinement,9782070325634,
1,Book,Soren Kierkegaard,Traite du desespoir,207032477X,
1,Book,Soren Kierkegaard,Le concept de l’angoisse,2070353699,
1,Book,J.M.G. Le Clezio,Coeur brule et autres romances,2070423344,
1,Book,J.M.G. Le Clezio,Onitsha,2070387267,
1,Book,Various,Ma chere Maman…,2070423220,
1,Book,Franz Kafka,Lettre au pere,9782070422067,
1,Book,Michel Tournier,La goutte d’or,2070379086,
1,Book,Guillaume Appolinaire,Les exploits d’un jeune Don Juan,2070425479,
1,Book,J.M.G. Le Clezio,Peuple du ciel,2070426769,
1,Book,Jean Jacques-Rousseau,Du contrat social,978208071581,
2,Paper padding,,,,
2,Book,Delia Smith,How To Cook Book 1,0563384301,
2,Book,Delia Smith,How To Cook Book 2,056338431X,
2,Book,Various,Chinese Paintings of the Ming and Qing Dynasties,0959412204,
2,Book,Albert Jackson & David Day,Collins Complete Woodworker’s Manual,9780007164424,
2,Book,Kurt Cobain,Journals,1573222321,
2,Book,John McDermott,Jimi Hendrix Sessions,0316876666,
2,Book,Edmund Backhouse,Decadance Mandchoue,9789881944511,
2,Book,Roddy Doyle,A Star Called Henry,0224060198,
2,Book,Roddy Doyle,The Dead Republic,9780224090100,
2,Book,Roddy Doyle,"Oh, Play That Thing",0224074369,
2,Book,Soren Kierkegaard,Exercice en christianisme,9782866456306,
2,Book,Chung Wu,The Essentials of the Yi Jing,1557788278,
2,Book,Karol Kallay,Franz Kafka and Prague,8072091549,
2,Book,David Mabey,The Vegetable Grower’s Garden,,"Purnell & Sons Ltd., 1977"
2,Book,Michael Palin,Himalaya,0297843710,
2,Book,Michael Palin,Sahara,0297843036,
2,Book,George Papadopoulos,Deep State Target,9781635764932,
2,Book,Robert Spalding,Stealth War,9780593084342,
2,Book,F. A. Hayek,The Constitution of Liberty,0226315398,
2,Book,Cesare Ripa,"Iconologia, or Moral Emblems",9781332142095,
2,Book,Hans Georg Berger,Laos – Sacred Rituals of Luang Prabang,1903391024,
2,Book,House of Lords,UK foreign policy in a shifting world order,,House of Lords
2,Book,House of Lords,"AI in the UK: ready, willing and able?",,House of Lords
2,Book,Hal Leonard,Guitar Method,9780634066511,
2,Book,Joe Sacco,Palestine,0224069829,
2,Book,Roger Scruton,England: an elegy,1856192512,
2,Book,王卡主,道教文化100词,9787506025362,
2,Book,Rosemary Sutcliff,The Hound of Ulster,,"C. Tinling & Co Ltd, 1963"
3,Paper padding,,,,
3,Book,George Holmes,The Oxford Illustrated History of Medieval Europe,0198200730,
3,Book,"John Boardman, Jasper Griffin, Oswyn Murray",The Oxford History of the Classic World,0198721129,
3,Book,Bob Dylan,Lyrics 1962-2001,0743231015,
3,Book,Michael L. Morgan,Classics of Moral and Political Theory,0872205770,
3,Book,Alan Clark,Diaries,0297813528,
3,Book,Alan Clark,Diaries Into Politics,0297644025,
3,Book,Alan Clark,The Last Diaries,0297607146,
3,Book,Chris Salewicz,Mick & Keith,0752818589,
3,Book,Souad,Brulee vive,9782915056099,
3,Book,Nicolas Mosley,The Rules of the Game,0436288494,
3,Book,John Peel,Margrave of the Marshes,0593052528,
3,Book,Rudyard Kipling,Just So Stories,9781405267397,
3,Book,Michel Onfray,L’ordre libertaire,9782081264410,
3,Book,Viatcheslav Avioutskii,Les revolutions de velours,2200345402,
3,Book,Barry Miles,The Beat Hotel,080211668X,
3,Book,Roddy Doyle,"Oh, Play That Thing",0224074369,
3,Book,Thomas S. Kuhn,The Structure of Scientific Revolutions,0226458040,
3,Book,Jimmy Song et al,Thank God for Bitcoin,9781641991216,
3,Book,Douglas R. Hofstadter,"Godel, Escher, Bach: an Eternal Golden Braid",0140289208,
3,Book,Frank Herbert,Dune,9780340960196,
3,Book,Edward Gibbon,The Decline and Fall of the Roman Empire,1853264997,
3,Book,C. S. Lewis,Selected Books,0007137443,
3,Book,Peter H. Wilson,Europe’s Tragedy,9780141006147,
3,Book,Various,The Kindness of Strangers,1740595904,
3,Book,Soren Kierkegaard,Ou bien… ou bien…,9782070701070,
4,Suit (jacket and trousers),,,,
4,Suit (jacket and trousers),,,,
4,Book,Leo Tolstoy,War and Peace Volume I,9780679405733,
4,Book,Leo Tolstoy,War and Peace Volume II,9780679405733,
4,Book,Leo Tolstoy,War and Peace Volume III,9780679405733,
4,Book,Aeschylus,The Oresteia,1857152603,
4,Book,Virgil,The Aeneid,1857150856,
4,Book,Sophocles,The Theban Plays,9781857150933,
4,Book,Joseph Roth,The Radetzky March,9781857151978,
4,Book,G.K. Chesterton,The Everyman Chesterton,9781841593371,
4,Book,Fyodor Dostoevsky,The Brothers Karamazov,9781857150704,
4,Book,Fyodor Dostoevsky,Demons,1857151828,
4,Book,Dante Alighieri,The Divine Comedy,9781857151831,
4,Book,R. C. Zaehner,Hindu Scriptures,1857150643,
4,Book,Yukio Mishima,The Temple of the Golden Pavilion,1857151690,
4,Book,Leslie T. Chang,Factory Girls,9780330447362,
4,Book,,Early Irish Myths and Sagas,9780140443974,
4,Book,,The Tain,9780140455304,
4,Book,Leonard Cohen,Book of Longing,9780141027562,
4,Book,J.T. LeRoy,Sarah,0747549281,
4,Book,J.T. LeRoy,The Heart is Deceitful above all Things,0747554234,
4,Book,John Carey,The Unexpected Professor,9780571310937,
4,Book,Margaret Mitchell,Gone with the Wind,9781447264538,
4,Book,W. H. Prescott,The Conquest of Mexico,0460003976,
4,Book,Niccolo Machiavelli,Florentine Histories,,J. M. Dent & Co
4,Book,William Hazlitt,The Round Table,,"J. M. Dent & Sons, 1964"
4,Book,Victor Hugo,Notre-Dame de Paris,,"J. M. Dent & Sons Ltd, 1964"
4,Book,Henry David Thoreau,Walden,0460002813,
4,Book,Casanova,Memoirs,,"Corgi Books, 1961"
4,Book,Thomas de Quincey,Confessions of an English Opium Eater,,"J. M. Dent & Sons Ltd, 1936"
4,Book,Benjamin Franklin,Autobiography,,"J. M. Dent & Sons Ltd, 1948"
4,Book,Charles Dickens,Christmas Books,,"J. M. Dent & Sons Ltd, 1940"
4,Book,Leo Tolstoi,Anna Karenine,,"Nelson, Editeurs, 1936"
4,Book,Voltaire,Candide et L’ingenu,,"Librairie Alphonse Lemerre, 1921"
4,Book,Blaise Pascal,Pensees et opuscules,,"Librairie Hachette, 13eme edition"
4,Book,Alexis de Tocqueville,Democracy in America,1904919626,
5,Suit (jacket and trousers),,,,
5,Book,A.A. Gill,AA Gill is Away,0753816814,
5,Book,D.H. Lawrence,Mornings in Mexico,0140095217,
5,Book,Aristotle,Eudemian Ethics,9780199586431,
5,Book,Apollodorus,The Library of Greek Mythology,9780199536320,
5,Book,R.L. Stevenson,DrJekyll and Mr Hyde,9781853260612,
5,Book,Benjamin Disraeli,Sybil,0140431349,
5,Book,Homer,The Odyssey,0460871552,
5,Book,Homer,The Iliad,0192834053,
5,Book,Andy Warhol,The Philosophy of Andy Warhol,014118910X,
5,Book,Nigel Hawthorne,Straight Face,0340769432,
5,Book,Daniel Woodrell,Ride with the Devil,1901982475,
5,Book,Patti Smith,Just Kids,9780747568766,
5,Book,Roger Scruton,Conservatism,9781781257524,
5,Book,Noam Chomsky,Hegemony or Survival,0141015055,
5,Book,Jean-Jacques Rousseau,The Social Contract,0192835971,
5,Book,Franz Kafka,The Trial,0099428644,
5,Book,Hunter S. Thompson,Fear and Loathing in Las Vegas,0586081321,
5,Book,Erich Fromm,The Sane Society,0415270987,
5,Book,Wei Hui,Marrying Buddha,1842591700,
5,Book,A.M. Homes,The End of Alice,9781862078901,
5,Book,Haruki Murakami,The Elephant Vanishes,1860468268,
5,Book,Robert Frost,Selected Poems,0140184066,
5,Book,Friedrich Nietzsche,Beyond Good and Evil,014044923X,
5,Book,C.G. Jung,Analytical Psychology,0744800560,
5,Book,Yukio Mishima,Spring Snow,9780099282990,
5,Book,Yukio Mishima,Runaway Horses,9780099282891,
5,Book,Yukio Mishima,The Temple of Dawn,9780099282792,
5,Book,Yukio Mishima,The Decay of the Angel,9780099284574,
5,Book,Yukio Mishima,Thirst for Love,9780099530275,
5,Book,Iris Origo,The Merchant of Prato,014055033X,
5,Book,Gilbert Adair,The Dreamers,0571216269,
5,Book,Rudyard Kipling,The Complete Verse,1856261794,
5,Book,E.H. Gombrich,The Story of Art,9780714847030,
5,Book,Wiliam Shakespeare,The Comedies,,J. M. Dent & Sons
5,Book,Wiliam Shakespeare,The Histories,,J. M. Dent & Sons
5,Book,Wiliam Shakespeare,The Tragedies,,J. M. Dent & Sons
5,Book,Wiliam Shakespeare,The Tragedies and The Poems,,J. M. Dent & Sons
5,Book,Wiliam Shakespeare,Romeo and Juliet,,"MacMillan & Co., 1897"
5,Book,Eileen Chang,"Lust, Caution",9780241259092,
5,Book,Hunter S. Thompson,Hells Angels,0140285555,
5,Book,Robert Graves,The Greek Myths I,0140010262,
5,Book,Robert Graves,The Greek Myths II,0140205098,
5,Book,Paul French,Midnight in Peking,9780241969762,
5,Book,James Joyce,A Portrait of the Artist as a Young Man,0140185534,
5,Book,Milan Kundera,Immortality,0571209181,
5,Book,Thomas Bernhard,Holzfallen,9783518380239,
5,Book,C.G. Jung,Man and his Symbols,9780440351832,
5,Book,Gustave Flaubert,Madame Bovary,207041311X,
5,Book,Justine Levy,Le rendez-vous,2266070622,
5,Book,Sandor Marai,Les Braises,9782253933786,
5,Book,Charles Baudelaire,Les Paradis artificiels,9782253014386,
5,Book,Jean-Jacques Rousseau,Les reveries du promeneur solitaire,,"Garnier-Flammarion, 1964"
5,Book,Machiavel,Le Prince,9782080703170,
5,Book,Jean-Jacques Rousseau,Discours sur l’origine et les fondements de l’inegalite parmi les hommes,9782080702432,
5,Book,Jean-Jacques Rousseau,Les Confessions – Livres I a IV,2266085255,
5,Book,Marguerite Duras,Le ravissement de Lol V. Stein,2070368106,
5,Book,Guy Debord,Commentaires sur la societe du spectacle,9782070401352,
5,Book,Guy Debord,La Societe du Spectacle,9782070394432,
5,Book,Leo Tolstoy,Anna Karenina Vol 1,,Oxford University Press
5,Book,Leo Tolstoy,Anna Karenina Vol 2,,Oxford University Press
6,Paper padding,,,,
6,Book,Saifedean Ammous,The Bitcoin Standard,9781119473862,
6,Book,Imam Mohammad Tawhidi,The Tragedy of Islam,9781925880212,
6,Book,DerGigi,21 Lessons,9781697526349,
6,Book,J.O.P. Bland & Edmund Backhouse,China Under the Empress Dowager,,"Houghton Mifflin Company, 1914"
6,Book,James Mill,The History of British India,0226525554,
6,Book,Ludwig Von Mises,Human Action,1572460210,
6,Book,Oscar Wilde,The Works of Oscar Wilde,,"Collins Clear-Type Press, 1957"
6,Book,C. E. Vulliamy,Byron,,"Michael Joseph Ltd., 1948"
6,Book,Carter & Mears,History of Britain 1688 to Present Day,,"Oxford at the Clarendon Press, 1948"
6,Book,Carter & Mears,A History of Britain 1939-1951,1906768498,
6,Book,Carter & Mears,A History of Britain 1901-1939,190676848X,
6,Book,Carter & Mears,A History of Britain 1837-1901,9781906768478,
6,Book,Carter & Mears,A History of Britain 1603-1714,9781906768232,
6,Book,Carter & Mears,A History of Britain 1485-1603,9781906768225,
6,Book,Carter & Mears,A History of Britain 1066-1485,9781906768362,
6,Book,Carter & Mears,A History of Britain To 1066,9781906768461,
6,Book,Dr Siu Fan Lee,Logic,9781473608436,
6,Book,Alan Graham,Statistics,9781473652002,
6,Book,Hugh Neill,Trigonometry,9781473678491,
6,Book,Hugh Neill,Calculus,9781473678446,
6,Book,Hugh Neill,Algebra,9781473678415,
6,Book,Stefan Zweig,The World of Yesterday,9781906548674,
6,Book,Stefan Zweig,The Collected Novellas,9781782271772,
6,Book,Alain de Botton,Status Anxiety,0141014865,
6,Book,Friedrich Hayek,The Road to Serfdom,9780415253895,
6,Book,A.A. Gill,AA Gill is Away,0753816814,
6,Book,Arundhati Roy,The God of Small Things,0006550681,
6,Book,Emily Bronte,Wuthering Heights,1853260010,
6,Book,Hanif Kureishi,Midnight All Day,0571203914,
6,Book,Haruki Murakami,Norwegian Wood,0099448823,
6,Book,James Boielle,French Poetry,,"Longmans, Green, and Co., 1923"
6,Book,Ernest Feydeau,Souvenirs d’une cocodette,9782842059996,
6,Book,John Stuart Mill,Autobiography,,Oxford University Press
6,Book,Howard Sounes,Down the Highway,0552999296,
6,Book,Bob Dylan,Chronicles,9780743478649,
6,Book,Anna Comnena,The Alexiad,0140442154,
6,Book,Racine,Phedre,1853994596,
6,Book,Michel Foucault,This Is Not a Pipe,0520049160,
6,Book,Nicolas Rey,Un debut prometteur,9782290336854,
6,Book,Charles Baudelaire,Les Fleurs du mal,9782080705273,
6,Book,Imre Kertesz,Etre sans destin,9782742784899,
6,Book,Bret Easton Ellis,Zombies,2264026545,
6,Book,Franz Kafka,Le proces,9782070378401,
6,Book,Michel Houellebecq,Soumission,9782290113615,
6,Book,Michel Houellebecq,Plateforme,2290321230,
6,Book,Michel Houellebecq,Les particules elementaires,2290303054,
6,Book,Jean-Paul Sartre,L’age de raison,207036870X,
6,Book,Voltaire,Candide,9782010028816,
7,Magazine,,Technikart 04/2004,,
7,Magazine,,That’s Beijing 02/2015,,
7,Magazine,,Dazed & Confused 11/2006,,
7,Magazine,,Dazed & Confused 03/2007,,
7,Book,Jimmy Song,Programming Bitcoin,9781492031499,
7,Book,J. W. V. Goethe,The Sorrows of Young Werther,9787553446059,
7,Book,William Shakespeare,Tragedy,9787553439914,
7,Book,Anton Chekov,Best Short Stories,9787553409863,
7,Book,Sigmund Freud,Introduction a psychanalyse,,"Editions Payot, 1972"
7,Book,Jean Genet,Les bonnes,2070370607,
7,Book,Various,Leurs yeux se rencontrerent…,207042670X,
7,Book,Simone de Beauvoir,Les belles images,2070362434,
7,Book,Vincent Ravalec,Cantique de la racaille,2290305537,
7,Book,Immanuel Kant,Critique de la faculte de juger,2711611604,
7,Book,Jean-Paul Sartre,"Huis clos, suivi de Les mouches",9782070368075,
7,Book,Mike Moore,Paine,9780692190470,
7,Book,Roy MacGregor-Hastie,Mao Tse-toung,,Marabout universite
7,Book,Edmund Husserl,Idees directrices pour une phenomenologie,9782070703470,
7,Book,Ama Adhe,The Voice that Remembers,0861711491,
7,Book,John Stuart Mill,Autobiography,9781604503142,
7,Book,Dorota Mastowska,Tchatche ou creve,9782882502087,
7,Book,Milan Kundera,Ignorance,0571215505,
7,Book,Peter Frankopan,The New Silk Roads,9781526607423,
7,Book,Gunter Grass,The Box,9781846553073,
7,Book,Henry Paolucci,Hegel: On the Arts,0918680964,
7,Book,Anais Nin,Journal 1931-1934,,"Stock, 1970"
7,Book,Philip Pullman,The Good Man Jesus and the Scoundrel Christ,9780857860071,
7,Book,Robert Doisneau,,Taschen,
7,Book,A. El-Shiha,Premiers pas en Islam,9782917850022,
7,Book,Christopher Lasch,The Minimal Self,0393019225,
7,Book,Miguel de Cervantes,The Adventures of Don Quixote de la Mancha,,"J. M. Dent & Sons Ltd, 1931"
7,Book,Roger Scruton,"Fools, Frauds and Firebrands",9781472965219,
7,Book,Roger Scruton,The Aesthetic Understanding,0416361609,
7,Book,C. H. Lawrence,Medieval Monasticism,0582017270,
7,Book,Jack Posobiec,Citizens for Trump,9781546936534,
7,Book,Jack Posobiec,4D Warfare,9789527065655,
7,Book,Ludwig Wittgenstein,Tractatus Logico-philosophicus,0710079230,
7,Book,Ursula K. Le Guin,Tao Te Ching,9781570623950,
7,Book,Plato,Ion and Hippias Major,0915145774,
7,Book,Baltasar Gracian,The Art of Wordly Wisdom,0486440346,
7,Book,Brahim Hadj Slimane,Les annees noires du journalisme en Algerie,9782849241776,
7,Book,Michel Houellebecq,La carte et la territoire,9782081246331,
7,Book,Michael T. Flynn,The Field of Fight,9781250131621,
7,Book,Henry Miller,Quiet Days in Clichy,080213016X,
7,Book,Aristotle,Poetics,048629577X,
7,Book,Friedrich Nietzsche,Beyond Good and Evil,048629868X,
7,Book,Friedrich Nietzsche,Thus Spake Zarathustra,0486406636,
7,Book,Joseph A. Schumpeter,"Capitalism, Socialism and Democracy",9780061561610,
7,Book,Eileen Chang,Naked Earth,9781590178348,
7,Book,Eileen Chang,Love in a Fallen City,9781590171783,
7,Book,Voltaire,Lettres philosophiques,2842053907,
7,Book,Pierre Kropotkine,La morale anarchiste,9782842058371,
7,Book,Gustave Flaubert,Novembre,2842056205,
7,Book,Simone Weil,Amitie,9782743635961,
7,Book,Baltasar Gracian,How to Use Your Enemies,9780141398273,
7,Book,Andre Gide,La Symphonie Pastorale,245577335,
7,Book,Mallanaga Vatsyayana,Kama Sutra,9789380936895,
7,Book,Mallanaga Vatsyayana,Kama Sutra,9789380936956,
7,Book,Various,The Little Book of Chinese Proverbs,1842738283,
7,Book,J.T. LeRoy,Harold’s End,0867196149,
7,Book,Henri Alleg,The Question,,"George Braziller Inc., 1958"
7,Book,Laura Ingalls Wilder,Little House on the Prairie,9781405264143,
7,Book,Gustave Flaubert,Madame Bovary,,"Librairie Joseph Gibert, 1946"
8,Sleeping bag,,,,
8,Decorative dog,,,,
8,Decorative sheep,,,,
8,Car Jack,,,,
8,Book,Roger Faligot et Jean Guisnel,Histoire secrete de la Ve republique,9782707153500,
8,Book,Edgar Allen Poe,Selected Poems,0460878042,
8,Book,"Roy, Chomsky, Galtung and Pinter",War Is Peace,0851246605,
8,Book,Pat Conway,The Very Best Irish Songs and Ballads,1857200942,
8,Book,Barbara Hodgson,Opium,0285635891,
8,Book,Walt Disney,Winnie the Pooh,9781913265960,
8,Book,Walt Disney,The Jungle Book,9781912396306,
8,Book,Walt Disney,Alice in Wonderland,9781912396672,
8,Book,Henrietta Green,Recipes from an English Country Garden,094655546X,
8,Book,Helen Oxenbury,Nursery Collection,9781405267427,
8,Book,Ulrich Bischoff,Edward Munch,,Taschen
